,text,query,variables,orig_id,db_id,db_path,testsuite,improved_qn
0,return me the year of Making database systems usable .,"SELECT PUBLICATIONalias0.YEAR FROM PUBLICATION AS PUBLICATIONalias0 WHERE PUBLICATIONalias0.TITLE = ""Making database systems usable"" ;","[{'example': 'Making database systems usable', 'location': 'both', 'name': 'publication_title0', 'type': 'publication_title', 'ancestor_of_occuring_column': {('publication', 'TITLE')}}]","('academic', 3)",academic,database/academic/academic.sqlite,"{'database/academic/academicv1226round21group11.sqlite', 'database/academic/academicv1223round40group3.sqlite', 'database/academic/academicv1223round50.sqlite', 'database/academic/academicv1226round20group11.sqlite', 'database/academic/academicv1226round23group11.sqlite', 'database/academic/academicv1226round22group11.sqlite', 'database/academic/academicv1226round24group11.sqlite', 'database/academic/academicv1223round10group11.sqlite'}","return me the year of the publication of the paper with title ""Making database systems usable"""
1,return me the papers after 2000 .,SELECT PUBLICATIONalias0.TITLE FROM PUBLICATION AS PUBLICATIONalias0 WHERE PUBLICATIONalias0.YEAR > 2000 ;,"[{'example': '2000', 'location': 'both', 'name': 'publication_year0', 'type': 'publication_year', 'ancestor_of_occuring_column': {('publication', 'YEAR')}}]","('academic', 4)",academic,database/academic/academic.sqlite,"{'database/academic/academicv1223round50.sqlite', 'database/academic/academicv1226round23group9.sqlite', 'database/academic/academicv1226round20group9.sqlite', 'database/academic/academicv1226round21group9.sqlite', 'database/academic/academicv1226round24group9.sqlite', 'database/academic/academicv1226round22group9.sqlite', 'database/academic/academicv1223round10group7.sqlite', 'database/academic/academicv1223round40group4.sqlite'}",return me all the titles of the paper after year 2000
2,return me all the keywords .,SELECT KEYWORDalias0.KEYWORD FROM KEYWORD AS KEYWORDalias0 ;,[],"('academic', 6)",academic,database/academic/academic.sqlite,"{'database/academic/academicv1223round50.sqlite', 'database/academic/academicv1226round23group9.sqlite', 'database/academic/academicv1226round20group9.sqlite', 'database/academic/academicv1223round40group6.sqlite', 'database/academic/academicv1226round21group9.sqlite', 'database/academic/academicv1226round24group9.sqlite', 'database/academic/academicv1226round22group9.sqlite', 'database/academic/academicv1223round10group7.sqlite'}",return me all the keywords
3,return me the references of Making database systems usable .,"SELECT PUBLICATIONalias0.REFERENCE_NUM FROM PUBLICATION AS PUBLICATIONalias0 WHERE PUBLICATIONalias0.TITLE = ""Making database systems usable"" ;","[{'example': 'Making database systems usable', 'location': 'both', 'name': 'publication_title0', 'type': 'publication_title', 'ancestor_of_occuring_column': {('publication', 'TITLE')}}]","('academic', 10)",academic,database/academic/academic.sqlite,"{'database/academic/academicv1226round21group11.sqlite', 'database/academic/academicv1223round50.sqlite', 'database/academic/academicv1226round20group11.sqlite', 'database/academic/academicv1226round23group11.sqlite', 'database/academic/academicv1226round22group11.sqlite', 'database/academic/academicv1226round24group11.sqlite', 'database/academic/academicv1223round10group11.sqlite', 'database/academic/academicv1223round40group10.sqlite'}","return me the reference number of the paper with title ""Making database systems usable"""
4,return me the authors who have papers in VLDB conference in 2002 .,"SELECT AUTHORalias0.NAME FROM AUTHOR AS AUTHORalias0 , CONFERENCE AS CONFERENCEalias0 , PUBLICATION AS PUBLICATIONalias0 , WRITES AS WRITESalias0 WHERE CONFERENCEalias0.NAME = ""VLDB"" AND PUBLICATIONalias0.CID = CONFERENCEalias0.CID AND PUBLICATIONalias0.YEAR = 2002 AND WRITESalias0.AID = AUTHORalias0.AID AND WRITESalias0.PID = PUBLICATIONalias0.PID ;","[{'example': 'VLDB', 'location': 'both', 'name': 'conference_name0', 'type': 'conference_name', 'ancestor_of_occuring_column': {('conference', 'NAME')}}, {'example': '2002', 'location': 'both', 'name': 'publication_year0', 'type': 'publication_year', 'ancestor_of_occuring_column': {('publication', 'YEAR')}}]","('academic', 15)",academic,database/academic/academic.sqlite,"{'database/academic/academicv1223round50.sqlite', 'database/academic/academicv1226round23group9.sqlite', 'database/academic/academicv1226round20group9.sqlite', 'database/academic/academicv1223round40group15.sqlite', 'database/academic/academicv1226round21group9.sqlite', 'database/academic/academicv1226round24group9.sqlite', 'database/academic/academicv1226round22group9.sqlite', 'database/academic/academicv1223round10group7.sqlite'}","return me the author name who have papers in VLDB conference in 2002 along with conference name, publication and writes."
5,return me the area of PVLDB .,"SELECT DOMAINalias0.NAME FROM DOMAIN AS DOMAINalias0 , DOMAIN_JOURNAL AS DOMAIN_JOURNALalias0 , JOURNAL AS JOURNALalias0 WHERE DOMAINalias0.DID = DOMAIN_JOURNALalias0.DID AND JOURNALalias0.JID = DOMAIN_JOURNALalias0.JID AND JOURNALalias0.NAME = ""PVLDB"" ;","[{'example': 'PVLDB', 'location': 'both', 'name': 'journal_name0', 'type': 'journal_name', 'ancestor_of_occuring_column': {('journal', 'NAME')}}]","('academic', 19)",academic,database/academic/academic.sqlite,"{'database/academic/academicv1223round50.sqlite', 'database/academic/academicv1226round23group9.sqlite', 'database/academic/academicv1226round20group9.sqlite', 'database/academic/academicv1223round40group19.sqlite', 'database/academic/academicv1223round11group10.sqlite', 'database/academic/academicv1226round21group9.sqlite', 'database/academic/academicv1226round24group9.sqlite', 'database/academic/academicv1226round22group9.sqlite', 'database/academic/academicv1223round10group7.sqlite'}",return me the research domain associated with the PVLDB journal
6,"return me the journals, which have papers by H. V. Jagadish .","SELECT JOURNALalias0.NAME FROM AUTHOR AS AUTHORalias0 , JOURNAL AS JOURNALalias0 , PUBLICATION AS PUBLICATIONalias0 , WRITES AS WRITESalias0 WHERE AUTHORalias0.NAME = ""H. V. Jagadish"" AND PUBLICATIONalias0.JID = JOURNALalias0.JID AND WRITESalias0.AID = AUTHORalias0.AID AND WRITESalias0.PID = PUBLICATIONalias0.PID ;","[{'example': 'H. V. Jagadish', 'location': 'both', 'name': 'author_name0', 'type': 'author_name', 'ancestor_of_occuring_column': {('author', 'NAME')}}]","('academic', 23)",academic,database/academic/academic.sqlite,"{'database/academic/academicv1223round50.sqlite', 'database/academic/academicv1226round23group9.sqlite', 'database/academic/academicv1226round20group9.sqlite', 'database/academic/academicv1223round40group23.sqlite', 'database/academic/academicv1226round21group9.sqlite', 'database/academic/academicv1226round24group9.sqlite', 'database/academic/academicv1226round22group9.sqlite', 'database/academic/academicv1223round10group7.sqlite'}","return me the journals that have published papers authored by ""H. V. Jagadish"""
7,return me the papers on PVLDB after 2000 .,"SELECT PUBLICATIONalias0.TITLE FROM JOURNAL AS JOURNALalias0 , PUBLICATION AS PUBLICATIONalias0 WHERE JOURNALalias0.NAME = ""PVLDB"" AND PUBLICATIONalias0.JID = JOURNALalias0.JID AND PUBLICATIONalias0.YEAR > 2000 ;","[{'example': 'PVLDB', 'location': 'both', 'name': 'journal_name0', 'type': 'journal_name', 'ancestor_of_occuring_column': {('journal', 'NAME')}}, {'example': '2000', 'location': 'both', 'name': 'publication_year0', 'type': 'publication_year', 'ancestor_of_occuring_column': {('publication', 'YEAR')}}]","('academic', 30)",academic,database/academic/academic.sqlite,"{'database/academic/academicv1223round50.sqlite', 'database/academic/academicv1226round23group9.sqlite', 'database/academic/academicv1226round20group9.sqlite', 'database/academic/academicv1223round11group10.sqlite', 'database/academic/academicv1226round21group9.sqlite', 'database/academic/academicv1226round24group9.sqlite', 'database/academic/academicv1226round22group9.sqlite', 'database/academic/academicv1223round10group7.sqlite', 'database/academic/academicv1223round40group30.sqlite'}",return me list the titles of papers published in the PVLDB journal after the year 2000?
8,return me the papers by H. V. Jagadish after 2000 .,"SELECT PUBLICATIONalias0.TITLE FROM AUTHOR AS AUTHORalias0 , PUBLICATION AS PUBLICATIONalias0 , WRITES AS WRITESalias0 WHERE AUTHORalias0.NAME = ""H. V. Jagadish"" AND PUBLICATIONalias0.YEAR > 2000 AND WRITESalias0.AID = AUTHORalias0.AID AND WRITESalias0.PID = PUBLICATIONalias0.PID ;","[{'example': 'H. V. Jagadish', 'location': 'both', 'name': 'author_name0', 'type': 'author_name', 'ancestor_of_occuring_column': {('author', 'NAME')}}, {'example': '2000', 'location': 'both', 'name': 'publication_year0', 'type': 'publication_year', 'ancestor_of_occuring_column': {('publication', 'YEAR')}}]","('academic', 34)",academic,database/academic/academic.sqlite,"{'database/academic/academicv1223round50.sqlite', 'database/academic/academicv1226round23group9.sqlite', 'database/academic/academicv1226round20group9.sqlite', 'database/academic/academicv1223round40group34.sqlite', 'database/academic/academicv1226round21group9.sqlite', 'database/academic/academicv1226round24group9.sqlite', 'database/academic/academicv1226round22group9.sqlite', 'database/academic/academicv1223round10group7.sqlite'}","return me the titles of papers authored by ""H. V. Jagadish"" that were published after the year 2000."
9,return me the keywords of Making database systems usable .,"SELECT KEYWORDalias0.KEYWORD FROM KEYWORD AS KEYWORDalias0 , PUBLICATION AS PUBLICATIONalias0 , PUBLICATION_KEYWORD AS PUBLICATION_KEYWORDalias0 WHERE PUBLICATION_KEYWORDalias0.KID = KEYWORDalias0.KID AND PUBLICATIONalias0.PID = PUBLICATION_KEYWORDalias0.PID AND PUBLICATIONalias0.TITLE = ""Making database systems usable"" ;","[{'example': 'Making database systems usable', 'location': 'both', 'name': 'publication_title0', 'type': 'publication_title', 'ancestor_of_occuring_column': {('publication', 'TITLE')}}]","('academic', 41)",academic,database/academic/academic.sqlite,"{'database/academic/academicv1226round21group11.sqlite', 'database/academic/academicv1223round50.sqlite', 'database/academic/academicv1226round20group11.sqlite', 'database/academic/academicv1226round23group11.sqlite', 'database/academic/academicv1223round10group2.sqlite', 'database/academic/academicv1223round40group41.sqlite', 'database/academic/academicv1226round22group11.sqlite', 'database/academic/academicv1226round24group11.sqlite'}","return me the keywords associated with the publication titled ""Making database systems usable"""
10,return me the keywords related to H. V. Jagadish .,"SELECT KEYWORDalias0.KEYWORD FROM AUTHOR AS AUTHORalias0 , KEYWORD AS KEYWORDalias0 , PUBLICATION AS PUBLICATIONalias0 , PUBLICATION_KEYWORD AS PUBLICATION_KEYWORDalias0 , WRITES AS WRITESalias0 WHERE AUTHORalias0.NAME = ""H. V. Jagadish"" AND PUBLICATION_KEYWORDalias0.KID = KEYWORDalias0.KID AND PUBLICATIONalias0.PID = PUBLICATION_KEYWORDalias0.PID AND WRITESalias0.AID = AUTHORalias0.AID AND WRITESalias0.PID = PUBLICATIONalias0.PID ;","[{'example': 'H. V. Jagadish', 'location': 'both', 'name': 'author_name0', 'type': 'author_name', 'ancestor_of_occuring_column': {('author', 'NAME')}}]","('academic', 42)",academic,database/academic/academic.sqlite,"{'database/academic/academicv1223round50.sqlite', 'database/academic/academicv1226round23group9.sqlite', 'database/academic/academicv1223round40group42.sqlite', 'database/academic/academicv1226round20group9.sqlite', 'database/academic/academicv1226round21group9.sqlite', 'database/academic/academicv1226round24group9.sqlite', 'database/academic/academicv1226round22group9.sqlite', 'database/academic/academicv1223round10group7.sqlite'}","return me the keywords associated with the publications authored by ""H. V. Jagadish"""
11,return me all the researchers in University of Michigan .,"SELECT AUTHORalias0.NAME FROM AUTHOR AS AUTHORalias0 , ORGANIZATION AS ORGANIZATIONalias0 WHERE ORGANIZATIONalias0.NAME = ""University of Michigan"" AND ORGANIZATIONalias0.OID = AUTHORalias0.OID ;","[{'example': 'University of Michigan', 'location': 'both', 'name': 'organization_name0', 'type': 'organization_name', 'ancestor_of_occuring_column': {('organization', 'NAME')}}]","('academic', 52)",academic,database/academic/academic.sqlite,"{'database/academic/academicv1223round50.sqlite', 'database/academic/academicv1226round23group9.sqlite', 'database/academic/academicv1226round20group9.sqlite', 'database/academic/academicv1223round40group52.sqlite', 'database/academic/academicv1226round21group9.sqlite', 'database/academic/academicv1226round24group9.sqlite', 'database/academic/academicv1226round22group9.sqlite', 'database/academic/academicv1223round10group7.sqlite'}","return me all the author names in organisation ""University of Michigan"""
12,return me all the researchers in Databases area in University of Michigan .,"SELECT AUTHORalias0.NAME FROM AUTHOR AS AUTHORalias0 , DOMAIN AS DOMAINalias0 , DOMAIN_AUTHOR AS DOMAIN_AUTHORalias0 , ORGANIZATION AS ORGANIZATIONalias0 WHERE DOMAIN_AUTHORalias0.AID = AUTHORalias0.AID AND DOMAINalias0.DID = DOMAIN_AUTHORalias0.DID AND DOMAINalias0.NAME = ""Databases"" AND ORGANIZATIONalias0.NAME = ""University of Michigan"" AND ORGANIZATIONalias0.OID = AUTHORalias0.OID ;","[{'example': 'Databases', 'location': 'both', 'name': 'domain_name0', 'type': 'domain_name', 'ancestor_of_occuring_column': {('domain', 'NAME')}}, {'example': 'University of Michigan', 'location': 'both', 'name': 'organization_name0', 'type': 'organization_name', 'ancestor_of_occuring_column': {('organization', 'NAME')}}]","('academic', 53)",academic,database/academic/academic.sqlite,"{'database/academic/academicv1223round40group53.sqlite', 'database/academic/academicv1223round50.sqlite', 'database/academic/academicv1223round10group8.sqlite', 'database/academic/academicv1223round11group0.sqlite', 'database/academic/academicv1226round20group10.sqlite', 'database/academic/academicv1226round22group10.sqlite', 'database/academic/academicv1226round24group10.sqlite', 'database/academic/academicv1226round21group10.sqlite', 'database/academic/academicv1226round23group10.sqlite'}","return me the name of authors specialising in the domain of ""Databases"" at the orgnisation ""University of Michigan"""
13,return me all the papers in PVLDB in University of Michigan .,"SELECT PUBLICATIONalias0.TITLE FROM AUTHOR AS AUTHORalias0 , JOURNAL AS JOURNALalias0 , ORGANIZATION AS ORGANIZATIONalias0 , PUBLICATION AS PUBLICATIONalias0 , WRITES AS WRITESalias0 WHERE JOURNALalias0.NAME = ""PVLDB"" AND ORGANIZATIONalias0.NAME = ""University of Michigan"" AND ORGANIZATIONalias0.OID = AUTHORalias0.OID AND PUBLICATIONalias0.JID = JOURNALalias0.JID AND WRITESalias0.AID = AUTHORalias0.AID AND WRITESalias0.PID = PUBLICATIONalias0.PID ;","[{'example': 'PVLDB', 'location': 'both', 'name': 'journal_name0', 'type': 'journal_name', 'ancestor_of_occuring_column': {('journal', 'NAME')}}, {'example': 'University of Michigan', 'location': 'both', 'name': 'organization_name0', 'type': 'organization_name', 'ancestor_of_occuring_column': {('organization', 'NAME')}}]","('academic', 57)",academic,database/academic/academic.sqlite,"{'database/academic/academicv1223round50.sqlite', 'database/academic/academicv1226round23group9.sqlite', 'database/academic/academicv1223round40group57.sqlite', 'database/academic/academicv1226round20group9.sqlite', 'database/academic/academicv1226round21group9.sqlite', 'database/academic/academicv1226round24group9.sqlite', 'database/academic/academicv1226round22group9.sqlite', 'database/academic/academicv1223round10group7.sqlite', 'database/academic/academicv1223round11group1.sqlite'}",return me all the titles of papers published in the PVLDB journal by authors from the University of Michigan
14,return me the paper in Databases area with more than 200 citations .,"SELECT PUBLICATIONalias0.TITLE FROM DOMAIN AS DOMAINalias0 , DOMAIN_PUBLICATION AS DOMAIN_PUBLICATIONalias0 , PUBLICATION AS PUBLICATIONalias0 WHERE DOMAINalias0.DID = DOMAIN_PUBLICATIONalias0.DID AND DOMAINalias0.NAME = ""Databases"" AND PUBLICATIONalias0.CITATION_NUM > 200 AND PUBLICATIONalias0.PID = DOMAIN_PUBLICATIONalias0.PID ;","[{'example': 'Databases', 'location': 'both', 'name': 'domain_name0', 'type': 'domain_name', 'ancestor_of_occuring_column': {('domain', 'NAME')}}, {'example': '200', 'location': 'both', 'name': 'publication_citation_num0', 'type': 'publication_citation_num', 'ancestor_of_occuring_column': {('publication', 'CITATION_NUM')}}]","('academic', 59)",academic,database/academic/academic.sqlite,"{'database/academic/academicv1223round40group59.sqlite', 'database/academic/academicv1223round50.sqlite', 'database/academic/academicv1223round10group8.sqlite', 'database/academic/academicv1223round11group11.sqlite', 'database/academic/academicv1226round20group10.sqlite', 'database/academic/academicv1226round22group10.sqlite', 'database/academic/academicv1226round24group10.sqlite', 'database/academic/academicv1226round21group10.sqlite', 'database/academic/academicv1223round12group11.sqlite', 'database/academic/academicv1226round23group10.sqlite'}","return me the titles of papers within the research domain ""Databases"" that have received more than 200 citations"
15,return me the paper by H. V. Jagadish with more than 200 citations .,"SELECT PUBLICATIONalias0.TITLE FROM AUTHOR AS AUTHORalias0 , PUBLICATION AS PUBLICATIONalias0 , WRITES AS WRITESalias0 WHERE AUTHORalias0.NAME = ""H. V. Jagadish"" AND PUBLICATIONalias0.CITATION_NUM > 200 AND WRITESalias0.AID = AUTHORalias0.AID AND WRITESalias0.PID = PUBLICATIONalias0.PID ;","[{'example': 'H. V. Jagadish', 'location': 'both', 'name': 'author_name0', 'type': 'author_name', 'ancestor_of_occuring_column': {('author', 'NAME')}}, {'example': '200', 'location': 'both', 'name': 'publication_citation_num0', 'type': 'publication_citation_num', 'ancestor_of_occuring_column': {('publication', 'CITATION_NUM')}}]","('academic', 62)",academic,database/academic/academic.sqlite,"{'database/academic/academicv1223round50.sqlite', 'database/academic/academicv1226round23group9.sqlite', 'database/academic/academicv1226round20group9.sqlite', 'database/academic/academicv1226round21group9.sqlite', 'database/academic/academicv1226round24group9.sqlite', 'database/academic/academicv1226round22group9.sqlite', 'database/academic/academicv1223round10group7.sqlite', 'database/academic/academicv1223round40group62.sqlite'}","return me titles of papers authored by ""H. V. Jagadish"" that have received more than 200 citations"
16,return me the number of journals which have papers by H. V. Jagadish .,"SELECT COUNT( DISTINCT ( JOURNALalias0.NAME ) ) FROM AUTHOR AS AUTHORalias0 , JOURNAL AS JOURNALalias0 , PUBLICATION AS PUBLICATIONalias0 , WRITES AS WRITESalias0 WHERE AUTHORalias0.NAME = ""H. V. Jagadish"" AND PUBLICATIONalias0.JID = JOURNALalias0.JID AND WRITESalias0.AID = AUTHORalias0.AID AND WRITESalias0.PID = PUBLICATIONalias0.PID ;","[{'example': 'H. V. Jagadish', 'location': 'both', 'name': 'author_name0', 'type': 'author_name', 'ancestor_of_occuring_column': {('author', 'NAME')}}]","('academic', 70)",academic,database/academic/academic.sqlite,"{'database/academic/academic.sqlite', 'database/academic/academicv1223round50.sqlite', 'database/academic/academicv1226round23group9.sqlite', 'database/academic/academicv1226round20group9.sqlite', 'database/academic/academicv1223round40group70.sqlite', 'database/academic/academicv1226round21group9.sqlite', 'database/academic/academicv1226round24group9.sqlite', 'database/academic/academicv1226round22group9.sqlite', 'database/academic/academicv1223round10group7.sqlite'}",return me the number of unique journals which have published papers
17,return me the number of papers on VLDB conference .,"SELECT COUNT( DISTINCT ( PUBLICATIONalias0.TITLE ) ) FROM CONFERENCE AS CONFERENCEalias0 , PUBLICATION AS PUBLICATIONalias0 WHERE CONFERENCEalias0.NAME = ""VLDB"" AND PUBLICATIONalias0.CID = CONFERENCEalias0.CID ;","[{'example': 'VLDB', 'location': 'both', 'name': 'conference_name0', 'type': 'conference_name', 'ancestor_of_occuring_column': {('conference', 'NAME')}}]","('academic', 76)",academic,database/academic/academic.sqlite,"{'database/academic/academic.sqlite', 'database/academic/academicv1223round50.sqlite', 'database/academic/academicv1226round23group9.sqlite', 'database/academic/academicv1226round20group9.sqlite', 'database/academic/academicv1223round40group76.sqlite', 'database/academic/academicv1226round21group9.sqlite', 'database/academic/academicv1226round24group9.sqlite', 'database/academic/academicv1226round22group9.sqlite', 'database/academic/academicv1223round10group7.sqlite'}",return me the number of unique papers presented on VLDB conference.
18,return me the number of papers on PVLDB after 2000 .,"SELECT COUNT( DISTINCT ( PUBLICATIONalias0.TITLE ) ) FROM JOURNAL AS JOURNALalias0 , PUBLICATION AS PUBLICATIONalias0 WHERE JOURNALalias0.NAME = ""PVLDB"" AND PUBLICATIONalias0.JID = JOURNALalias0.JID AND PUBLICATIONalias0.YEAR > 2000 ;","[{'example': 'PVLDB', 'location': 'both', 'name': 'journal_name0', 'type': 'journal_name', 'ancestor_of_occuring_column': {('journal', 'NAME')}}, {'example': '2000', 'location': 'both', 'name': 'publication_year0', 'type': 'publication_year', 'ancestor_of_occuring_column': {('publication', 'YEAR')}}]","('academic', 79)",academic,database/academic/academic.sqlite,"{'database/academic/academic.sqlite', 'database/academic/academicv1223round50.sqlite', 'database/academic/academicv1226round23group9.sqlite', 'database/academic/academicv1223round40group79.sqlite', 'database/academic/academicv1226round20group9.sqlite', 'database/academic/academicv1223round11group10.sqlite', 'database/academic/academicv1226round21group9.sqlite', 'database/academic/academicv1226round24group9.sqlite', 'database/academic/academicv1226round22group9.sqlite', 'database/academic/academicv1223round10group7.sqlite'}",return me the number of unique papers published on the PVLDB journal after the year 2000.
19,return me the number of papers by H. V. Jagadish on VLDB conference after 2000 .,"SELECT COUNT( DISTINCT ( PUBLICATIONalias0.TITLE ) ) FROM AUTHOR AS AUTHORalias0 , CONFERENCE AS CONFERENCEalias0 , PUBLICATION AS PUBLICATIONalias0 , WRITES AS WRITESalias0 WHERE AUTHORalias0.NAME = ""H. V. Jagadish"" AND CONFERENCEalias0.NAME = ""VLDB"" AND PUBLICATIONalias0.CID = CONFERENCEalias0.CID AND PUBLICATIONalias0.YEAR > 2000 AND WRITESalias0.AID = AUTHORalias0.AID AND WRITESalias0.PID = PUBLICATIONalias0.PID ;","[{'example': 'H. V. Jagadish', 'location': 'both', 'name': 'author_name0', 'type': 'author_name', 'ancestor_of_occuring_column': {('author', 'NAME')}}, {'example': 'VLDB', 'location': 'both', 'name': 'conference_name0', 'type': 'conference_name', 'ancestor_of_occuring_column': {('conference', 'NAME')}}, {'example': '2000', 'location': 'both', 'name': 'publication_year0', 'type': 'publication_year', 'ancestor_of_occuring_column': {('publication', 'YEAR')}}]","('academic', 85)",academic,database/academic/academic.sqlite,"{'database/academic/academic.sqlite', 'database/academic/academicv1223round50.sqlite', 'database/academic/academicv1226round23group9.sqlite', 'database/academic/academicv1226round20group9.sqlite', 'database/academic/academicv1223round12group11.sqlite', 'database/academic/academicv1223round11group10.sqlite', 'database/academic/academicv1226round21group9.sqlite', 'database/academic/academicv1226round24group9.sqlite', 'database/academic/academicv1226round22group9.sqlite', 'database/academic/academicv1223round10group7.sqlite', 'database/academic/academicv1223round40group85.sqlite'}",return me the number of unique papers authored by H. V. Jagadish and presented at the VLDB conference after the year 2000.
20,return me the number of organizations in Databases area located in North America .,"SELECT COUNT( DISTINCT ( ORGANIZATIONalias0.NAME ) ) FROM AUTHOR AS AUTHORalias0 , DOMAIN AS DOMAINalias0 , DOMAIN_AUTHOR AS DOMAIN_AUTHORalias0 , ORGANIZATION AS ORGANIZATIONalias0 WHERE DOMAIN_AUTHORalias0.AID = AUTHORalias0.AID AND DOMAINalias0.DID = DOMAIN_AUTHORalias0.DID AND DOMAINalias0.NAME = ""Databases"" AND ORGANIZATIONalias0.CONTINENT = ""North America"" AND ORGANIZATIONalias0.OID = AUTHORalias0.OID ;","[{'example': 'Databases', 'location': 'both', 'name': 'domain_name0', 'type': 'domain_name', 'ancestor_of_occuring_column': {('domain', 'NAME')}}, {'example': 'North America', 'location': 'both', 'name': 'organization_continent0', 'type': 'organization_continent', 'ancestor_of_occuring_column': {('organization', 'CONTINENT')}}]","('academic', 102)",academic,database/academic/academic.sqlite,"{'database/academic/academic.sqlite', 'database/academic/academicv1223round50.sqlite', 'database/academic/academicv1226round21group12.sqlite', 'database/academic/academicv1223round11group13.sqlite', 'database/academic/academicv1226round24group12.sqlite', 'database/academic/academicv1226round20group12.sqlite', 'database/academic/academicv1223round12group12.sqlite', 'database/academic/academicv1223round10group11.sqlite', 'database/academic/academicv1226round22group12.sqlite', 'database/academic/academicv1223round40group102.sqlite', 'database/academic/academicv1226round23group12.sqlite'}",return me the number of unique organizations in the domain of Databases located in North America.
21,return me the number of papers in VLDB conference in University of Michigan .,"SELECT COUNT( DISTINCT ( PUBLICATIONalias0.TITLE ) ) FROM AUTHOR AS AUTHORalias0 , CONFERENCE AS CONFERENCEalias0 , ORGANIZATION AS ORGANIZATIONalias0 , PUBLICATION AS PUBLICATIONalias0 , WRITES AS WRITESalias0 WHERE CONFERENCEalias0.NAME = ""VLDB"" AND ORGANIZATIONalias0.NAME = ""University of Michigan"" AND ORGANIZATIONalias0.OID = AUTHORalias0.OID AND PUBLICATIONalias0.CID = CONFERENCEalias0.CID AND WRITESalias0.AID = AUTHORalias0.AID AND WRITESalias0.PID = PUBLICATIONalias0.PID ;","[{'example': 'VLDB', 'location': 'both', 'name': 'conference_name0', 'type': 'conference_name', 'ancestor_of_occuring_column': {('conference', 'NAME')}}, {'example': 'University of Michigan', 'location': 'both', 'name': 'organization_name0', 'type': 'organization_name', 'ancestor_of_occuring_column': {('organization', 'NAME')}}]","('academic', 106)",academic,database/academic/academic.sqlite,"{'database/academic/academic.sqlite', 'database/academic/academicv1223round50.sqlite', 'database/academic/academicv1226round23group9.sqlite', 'database/academic/academicv1226round20group9.sqlite', 'database/academic/academicv1226round21group9.sqlite', 'database/academic/academicv1226round24group9.sqlite', 'database/academic/academicv1223round40group106.sqlite', 'database/academic/academicv1226round22group9.sqlite', 'database/academic/academicv1223round10group7.sqlite'}",return me the number of unique papers that are presented on VLDB conference and affliated with the University of Michigan.
22,return me the number of papers in PVLDB after 2000 in University of Michigan .,"SELECT COUNT( DISTINCT ( PUBLICATIONalias0.TITLE ) ) FROM AUTHOR AS AUTHORalias0 , JOURNAL AS JOURNALalias0 , ORGANIZATION AS ORGANIZATIONalias0 , PUBLICATION AS PUBLICATIONalias0 , WRITES AS WRITESalias0 WHERE JOURNALalias0.NAME = ""PVLDB"" AND ORGANIZATIONalias0.NAME = ""University of Michigan"" AND ORGANIZATIONalias0.OID = AUTHORalias0.OID AND PUBLICATIONalias0.JID = JOURNALalias0.JID AND PUBLICATIONalias0.YEAR > 2000 AND WRITESalias0.AID = AUTHORalias0.AID AND WRITESalias0.PID = PUBLICATIONalias0.PID ;","[{'example': 'PVLDB', 'location': 'both', 'name': 'journal_name0', 'type': 'journal_name', 'ancestor_of_occuring_column': {('journal', 'NAME')}}, {'example': 'University of Michigan', 'location': 'both', 'name': 'organization_name0', 'type': 'organization_name', 'ancestor_of_occuring_column': {('organization', 'NAME')}}, {'example': '2000', 'location': 'both', 'name': 'publication_year0', 'type': 'publication_year', 'ancestor_of_occuring_column': {('publication', 'YEAR')}}]","('academic', 108)",academic,database/academic/academic.sqlite,"{'database/academic/academic.sqlite', 'database/academic/academicv1223round40group108.sqlite', 'database/academic/academicv1223round50.sqlite', 'database/academic/academicv1226round23group9.sqlite', 'database/academic/academicv1226round20group9.sqlite', 'database/academic/academicv1223round12group11.sqlite', 'database/academic/academicv1226round21group9.sqlite', 'database/academic/academicv1226round24group9.sqlite', 'database/academic/academicv1226round22group9.sqlite', 'database/academic/academicv1223round10group7.sqlite', 'database/academic/academicv1223round11group6.sqlite'}",return me the number of unique papers that are published in PVLDB journal after the year 2000 and affliated with the University of Michigan.
23,return me the total citations of papers in PVLDB in 2005 .,"SELECT SUM( PUBLICATIONalias0.CITATION_NUM ) FROM JOURNAL AS JOURNALalias0 , PUBLICATION AS PUBLICATIONalias0 WHERE JOURNALalias0.NAME = ""PVLDB"" AND PUBLICATIONalias0.JID = JOURNALalias0.JID AND PUBLICATIONalias0.YEAR = 2005 ;","[{'example': 'PVLDB', 'location': 'both', 'name': 'journal_name0', 'type': 'journal_name', 'ancestor_of_occuring_column': {('journal', 'NAME')}}, {'example': '2005', 'location': 'both', 'name': 'publication_year0', 'type': 'publication_year', 'ancestor_of_occuring_column': {('publication', 'YEAR')}}]","('academic', 118)",academic,database/academic/academic.sqlite,"{'database/academic/academic.sqlite', 'database/academic/academicv1223round50.sqlite', 'database/academic/academicv1226round23group9.sqlite', 'database/academic/academicv1226round20group9.sqlite', 'database/academic/academicv1223round11group10.sqlite', 'database/academic/academicv1226round21group9.sqlite', 'database/academic/academicv1223round40group118.sqlite', 'database/academic/academicv1226round24group9.sqlite', 'database/academic/academicv1226round22group9.sqlite', 'database/academic/academicv1223round10group7.sqlite'}",return me the total citations number of papers that are publisehd in PVLDB journal after the year 2005.
24,return me the total citations of papers in PVLDB before 2005 .,"SELECT SUM( PUBLICATIONalias0.CITATION_NUM ) FROM JOURNAL AS JOURNALalias0 , PUBLICATION AS PUBLICATIONalias0 WHERE JOURNALalias0.NAME = ""PVLDB"" AND PUBLICATIONalias0.JID = JOURNALalias0.JID AND PUBLICATIONalias0.YEAR < 2005 ;","[{'example': 'PVLDB', 'location': 'both', 'name': 'journal_name0', 'type': 'journal_name', 'ancestor_of_occuring_column': {('journal', 'NAME')}}, {'example': '2005', 'location': 'both', 'name': 'publication_year0', 'type': 'publication_year', 'ancestor_of_occuring_column': {('publication', 'YEAR')}}]","('academic', 119)",academic,database/academic/academic.sqlite,"{'database/academic/academic.sqlite', 'database/academic/academicv1223round50.sqlite', 'database/academic/academicv1226round23group9.sqlite', 'database/academic/academicv1226round20group9.sqlite', 'database/academic/academicv1223round40group119.sqlite', 'database/academic/academicv1223round11group10.sqlite', 'database/academic/academicv1226round21group9.sqlite', 'database/academic/academicv1226round24group9.sqlite', 'database/academic/academicv1226round22group9.sqlite', 'database/academic/academicv1223round10group7.sqlite'}",return me the total number of citations for all papers published in the PVLDB journal before the year 2005.
25,return me the total citations of papers in PVLDB in each year .,"SELECT PUBLICATIONalias0.YEAR , SUM( PUBLICATIONalias0.CITATION_NUM ) FROM JOURNAL AS JOURNALalias0 , PUBLICATION AS PUBLICATIONalias0 WHERE JOURNALalias0.NAME = ""PVLDB"" AND PUBLICATIONalias0.JID = JOURNALalias0.JID GROUP BY PUBLICATIONalias0.YEAR ;","[{'example': 'PVLDB', 'location': 'both', 'name': 'journal_name0', 'type': 'journal_name', 'ancestor_of_occuring_column': {('journal', 'NAME')}}]","('academic', 120)",academic,database/academic/academic.sqlite,"{'database/academic/academicv1223round50.sqlite', 'database/academic/academicv1226round23group9.sqlite', 'database/academic/academicv1226round20group9.sqlite', 'database/academic/academicv1223round11group10.sqlite', 'database/academic/academicv1223round40group120.sqlite', 'database/academic/academicv1226round21group9.sqlite', 'database/academic/academicv1226round24group9.sqlite', 'database/academic/academicv1226round22group9.sqlite', 'database/academic/academicv1223round10group7.sqlite'}",return me the total number of citations received by papers published in the PVLDB journal each year.
26,return me the authors who have cooperated with H. V. Jagadish or Divesh Srivastava .,"SELECT AUTHORalias0.NAME FROM AUTHOR AS AUTHORalias0 , AUTHOR AS AUTHORalias1 , ORGANIZATION AS ORGANIZATIONalias0 , ORGANIZATION AS ORGANIZATIONalias1 WHERE ( AUTHORalias1.NAME = ""H. V. Jagadish"" OR AUTHORalias1.NAME = ""Divesh Srivastava"" ) AND ORGANIZATIONalias0.OID = AUTHORalias0.OID AND ORGANIZATIONalias0.OID = AUTHORalias1.OID ;","[{'example': 'H. V. Jagadish', 'location': 'both', 'name': 'author_name0', 'type': 'author_name', 'ancestor_of_occuring_column': {('author', 'NAME')}}, {'example': 'Divesh Srivastava', 'location': 'both', 'name': 'author_name1', 'type': 'author_name', 'ancestor_of_occuring_column': {('author', 'NAME')}}]","('academic', 129)",academic,database/academic/academic.sqlite,"{'database/academic/academicv1223round50.sqlite', 'database/academic/academicv1223round10group8.sqlite', 'database/academic/academicv1226round20group10.sqlite', 'database/academic/academicv1226round21group10.sqlite', 'database/academic/academicv1226round22group10.sqlite', 'database/academic/academicv1226round24group10.sqlite', 'database/academic/academicv1223round40group129.sqlite', 'database/academic/academicv1226round23group10.sqlite'}",return me the names of authors who are part of the same organization as H. V. Jagadish or Divesh Srivastava.
27,return me the papers written by H. V. Jagadish and Divesh Srivastava .,"SELECT PUBLICATIONalias0.TITLE FROM AUTHOR AS AUTHORalias0 , AUTHOR AS AUTHORalias1 , PUBLICATION AS PUBLICATIONalias0 , WRITES AS WRITESalias0 , WRITES AS WRITESalias1 WHERE AUTHORalias0.NAME = ""H. V. Jagadish"" AND AUTHORalias1.NAME = ""Divesh Srivastava"" AND WRITESalias0.AID = AUTHORalias0.AID AND WRITESalias0.PID = PUBLICATIONalias0.PID AND WRITESalias1.AID = AUTHORalias1.AID AND WRITESalias1.PID = PUBLICATIONalias0.PID ;","[{'example': 'H. V. Jagadish', 'location': 'both', 'name': 'author_name0', 'type': 'author_name', 'ancestor_of_occuring_column': {('author', 'NAME')}}, {'example': 'Divesh Srivastava', 'location': 'both', 'name': 'author_name1', 'type': 'author_name', 'ancestor_of_occuring_column': {('author', 'NAME')}}]","('academic', 131)",academic,database/academic/academic.sqlite,"{'database/academic/academicv1223round50.sqlite', 'database/academic/academicv1223round10group8.sqlite', 'database/academic/academicv1226round20group10.sqlite', 'database/academic/academicv1226round21group10.sqlite', 'database/academic/academicv1226round22group10.sqlite', 'database/academic/academicv1226round24group10.sqlite', 'database/academic/academicv1226round23group10.sqlite', 'database/academic/academicv1223round40group131.sqlite'}",return me the titles of papers that were co-authored by H. V. Jagadish and Divesh Srivastava.
28,return me the papers written by H. V. Jagadish and Divesh Srivastava before 2000 .,"SELECT PUBLICATIONalias0.TITLE FROM AUTHOR AS AUTHORalias0 , AUTHOR AS AUTHORalias1 , PUBLICATION AS PUBLICATIONalias0 , WRITES AS WRITESalias0 , WRITES AS WRITESalias1 WHERE AUTHORalias0.NAME = ""H. V. Jagadish"" AND AUTHORalias1.NAME = ""Divesh Srivastava"" AND PUBLICATIONalias0.YEAR < 2000 AND WRITESalias0.AID = AUTHORalias0.AID AND WRITESalias0.PID = PUBLICATIONalias0.PID AND WRITESalias1.AID = AUTHORalias1.AID AND WRITESalias1.PID = PUBLICATIONalias0.PID ;","[{'example': 'H. V. Jagadish', 'location': 'both', 'name': 'author_name0', 'type': 'author_name', 'ancestor_of_occuring_column': {('author', 'NAME')}}, {'example': 'Divesh Srivastava', 'location': 'both', 'name': 'author_name1', 'type': 'author_name', 'ancestor_of_occuring_column': {('author', 'NAME')}}, {'example': '2000', 'location': 'both', 'name': 'publication_year0', 'type': 'publication_year', 'ancestor_of_occuring_column': {('publication', 'YEAR')}}]","('academic', 136)",academic,database/academic/academic.sqlite,"{'database/academic/academicv1223round50.sqlite', 'database/academic/academicv1223round10group8.sqlite', 'database/academic/academicv1226round20group10.sqlite', 'database/academic/academicv1226round22group10.sqlite', 'database/academic/academicv1226round24group10.sqlite', 'database/academic/academicv1226round21group10.sqlite', 'database/academic/academicv1223round40group136.sqlite', 'database/academic/academicv1226round23group10.sqlite', 'database/academic/academicv1223round11group10.sqlite'}","return me paper titles that were co-authored by H. V. Jagadish and Divesh Srivastava, which published before the year 2000."
29,return me the number of authors who have more than 10 papers containing keyword Relational Database .,"SELECT COUNT( * ) FROM ( SELECT AUTHORalias0.NAME FROM AUTHOR AS AUTHORalias0 , KEYWORD AS KEYWORDalias0 , PUBLICATION AS PUBLICATIONalias0 , PUBLICATION_KEYWORD AS PUBLICATION_KEYWORDalias0 , WRITES AS WRITESalias0 WHERE KEYWORDalias0.KEYWORD = ""Relational Database"" AND PUBLICATION_KEYWORDalias0.KID = KEYWORDalias0.KID AND PUBLICATIONalias0.PID = PUBLICATION_KEYWORDalias0.PID AND WRITESalias0.AID = AUTHORalias0.AID AND WRITESalias0.PID = PUBLICATIONalias0.PID GROUP BY AUTHORalias0.NAME HAVING COUNT( DISTINCT ( PUBLICATIONalias0.TITLE ) ) > 10 ) AS DERIVED_TABLEalias0 ;","[{'example': 'Relational Database', 'location': 'both', 'name': 'keyword_keyword0', 'type': 'keyword_keyword', 'ancestor_of_occuring_column': {('keyword', 'KEYWORD')}}, {'example': '10', 'location': 'both', 'name': 'publication_title0', 'type': 'publication_title', 'ancestor_of_occuring_column': set()}]","('academic', 147)",academic,database/academic/academic.sqlite,"{'database/academic/academicv1226round20group11.sqlite', 'database/academic/academicv1223round32group10.sqlite', 'database/academic/academicv1226round22group11.sqlite', 'database/academic/academicv1226round24group11.sqlite', 'database/academic/academicv1226round12group9.sqlite', 'database/academic/academicv1223round10group9.sqlite', 'database/academic/academicv1223round13group11.sqlite', 'database/academic/academicv1226round10group9.sqlite', 'database/academic/academicv1223round11group12.sqlite', 'database/academic/academicv1226round11group9.sqlite', 'database/academic/academicv1223round20group147.sqlite', 'database/academic/academicv1226round21group11.sqlite', 'database/academic/academicv1223round50.sqlite', 'database/academic/academicv1223round40group147.sqlite', 'database/academic/academicv1223round14group11.sqlite', 'database/academic/academic.sqlite', 'database/academic/academicv1226round23group11.sqlite', 'database/academic/academicv1223round23group147.sqlite', 'database/academic/academicv1223round12group2.sqlite'}","return me the number of authors who have published more than 10 papers that include the keyword ""Relational Database""."
30,"return me the number of journals, which have more than 60 papers containing keyword Relational Database .","SELECT COUNT( * ) FROM ( SELECT JOURNALalias0.NAME FROM JOURNAL AS JOURNALalias0 , KEYWORD AS KEYWORDalias0 , PUBLICATION AS PUBLICATIONalias0 , PUBLICATION_KEYWORD AS PUBLICATION_KEYWORDalias0 WHERE KEYWORDalias0.KEYWORD = ""Relational Database"" AND PUBLICATION_KEYWORDalias0.KID = KEYWORDalias0.KID AND PUBLICATIONalias0.JID = JOURNALalias0.JID AND PUBLICATIONalias0.PID = PUBLICATION_KEYWORDalias0.PID GROUP BY JOURNALalias0.NAME HAVING COUNT( DISTINCT ( PUBLICATIONalias0.TITLE ) ) > 60 ) AS DERIVED_TABLEalias0 ;","[{'example': 'Relational Database', 'location': 'both', 'name': 'keyword_keyword0', 'type': 'keyword_keyword', 'ancestor_of_occuring_column': {('keyword', 'KEYWORD')}}, {'example': '60', 'location': 'both', 'name': 'publication_title0', 'type': 'publication_title', 'ancestor_of_occuring_column': set()}]","('academic', 149)",academic,database/academic/academic.sqlite,"{'database/academic/academicv1226round20group1.sqlite', 'database/academic/academicv1223round3220group1.sqlite', 'database/academic/academicv1226round11group1.sqlite', 'database/academic/academicv1223round352group1.sqlite', 'database/academic/academicv1223round14group1.sqlite', 'database/academic/academicv1226round22group1.sqlite', 'database/academic/academicv1223round311group1.sqlite', 'database/academic/academicv1223round3121group1.sqlite', 'database/academic/academicv1223round31group1.sqlite', 'database/academic/academicv1226round24group1.sqlite', 'database/academic/academicv1223round11group12.sqlite', 'database/academic/academicv1226round23group1.sqlite', 'database/academic/academicv1226round12group1.sqlite', 'database/academic/academicv1226round10group1.sqlite', 'database/academic/academicv1223round10group10.sqlite', 'database/academic/academicv1223round50.sqlite', 'database/academic/academicv1223round39group1.sqlite', 'database/academic/academicv1223round3206group1.sqlite', 'database/academic/academicv1223round349group1.sqlite', 'database/academic/academicv1226round21group1.sqlite', 'database/academic/academicv1223round12group4.sqlite', 'database/academic/academicv1223round40group149.sqlite', 'database/academic/academic.sqlite', 'database/academic/academicv1223round324group1.sqlite', 'database/academic/academicv1223round13group2.sqlite', 'database/academic/academicv1223round3117group1.sqlite'}","return me the number of journals, which have published more than 60 papers containing the keyword ""Relational Database""."
31,"return me the number of keywords, which have been contained by more than 100 papers in VLDB conference .","SELECT COUNT( * ) FROM ( SELECT KEYWORDalias0.KEYWORD FROM CONFERENCE AS CONFERENCEalias0 , KEYWORD AS KEYWORDalias0 , PUBLICATION AS PUBLICATIONalias0 , PUBLICATION_KEYWORD AS PUBLICATION_KEYWORDalias0 WHERE CONFERENCEalias0.NAME = ""VLDB"" AND PUBLICATION_KEYWORDalias0.KID = KEYWORDalias0.KID AND PUBLICATIONalias0.CID = CONFERENCEalias0.CID AND PUBLICATIONalias0.PID = PUBLICATION_KEYWORDalias0.PID GROUP BY KEYWORDalias0.KEYWORD HAVING COUNT( DISTINCT ( PUBLICATIONalias0.TITLE ) ) > 100 ) AS DERIVED_TABLEalias0 ;","[{'example': 'VLDB', 'location': 'both', 'name': 'conference_name0', 'type': 'conference_name', 'ancestor_of_occuring_column': {('conference', 'NAME')}}, {'example': '100', 'location': 'both', 'name': 'publication_title0', 'type': 'publication_title', 'ancestor_of_occuring_column': set()}]","('academic', 150)",academic,database/academic/academic.sqlite,"{'database/academic/academicv1223round32group2.sqlite', 'database/academic/academicv1223round3220group1.sqlite', 'database/academic/academicv1223round40group150.sqlite', 'database/academic/academicv1223round12group12.sqlite', 'database/academic/academicv1223round311group1.sqlite', 'database/academic/academicv1226round12group2.sqlite', 'database/academic/academicv1223round3388group1.sqlite', 'database/academic/academicv1226round10group2.sqlite', 'database/academic/academicv1223round382group1.sqlite', 'database/academic/academicv1223round11group13.sqlite', 'database/academic/academicv1223round3491group1.sqlite', 'database/academic/academicv1226round22group2.sqlite', 'database/academic/academicv1223round10group10.sqlite', 'database/academic/academicv1223round14group2.sqlite', 'database/academic/academicv1223round50.sqlite', 'database/academic/academicv1223round3235group1.sqlite', 'database/academic/academicv1226round23group2.sqlite', 'database/academic/academicv1226round11group2.sqlite', 'database/academic/academic.sqlite', 'database/academic/academicv1226round24group2.sqlite', 'database/academic/academicv1223round13group3.sqlite', 'database/academic/academicv1226round21group2.sqlite', 'database/academic/academicv1226round20group2.sqlite', 'database/academic/academicv1223round33group2.sqlite'}","return me the number of keywords, which have been contained by more than 100 papers at the VLDB conference."
32,"return me the number of keywords, which have been contained by more than 10 papers of H. V. Jagadish .","SELECT COUNT( * ) FROM ( SELECT KEYWORDalias0.KEYWORD FROM AUTHOR AS AUTHORalias0 , KEYWORD AS KEYWORDalias0 , PUBLICATION AS PUBLICATIONalias0 , PUBLICATION_KEYWORD AS PUBLICATION_KEYWORDalias0 , WRITES AS WRITESalias0 WHERE AUTHORalias0.NAME = ""H. V. Jagadish"" AND PUBLICATION_KEYWORDalias0.KID = KEYWORDalias0.KID AND PUBLICATIONalias0.PID = PUBLICATION_KEYWORDalias0.PID AND WRITESalias0.AID = AUTHORalias0.AID AND WRITESalias0.PID = PUBLICATIONalias0.PID GROUP BY KEYWORDalias0.KEYWORD HAVING COUNT( DISTINCT ( PUBLICATIONalias0.TITLE ) ) > 10 ) AS DERIVED_TABLEalias0 ;","[{'example': 'H. V. Jagadish', 'location': 'both', 'name': 'author_name0', 'type': 'author_name', 'ancestor_of_occuring_column': {('author', 'NAME')}}, {'example': '10', 'location': 'both', 'name': 'publication_title0', 'type': 'publication_title', 'ancestor_of_occuring_column': set()}]","('academic', 152)",academic,database/academic/academic.sqlite,"{'database/academic/academicv1223round10group10.sqlite', 'database/academic/academic.sqlite', 'database/academic/academicv1226round21group11.sqlite', 'database/academic/academicv1223round50.sqlite', 'database/academic/academicv1226round23group11.sqlite', 'database/academic/academicv1226round20group11.sqlite', 'database/academic/academicv1223round40group152.sqlite', 'database/academic/academicv1226round22group11.sqlite', 'database/academic/academicv1223round11group13.sqlite', 'database/academic/academicv1226round24group11.sqlite', 'database/academic/academicv1226round11group9.sqlite', 'database/academic/academicv1226round12group9.sqlite', 'database/academic/academicv1223round13group11.sqlite', 'database/academic/academicv1223round12group12.sqlite', 'database/academic/academicv1226round10group9.sqlite', 'database/academic/academicv1223round14group11.sqlite'}","return me the number of publication keywords, which have been contained by more than 10 papers of author H. V. Jagadish."
33,"return me the keyword, which have been contained by the most number of papers by H. V. Jagadish .","SELECT KEYWORDalias0.KEYWORD FROM AUTHOR AS AUTHORalias0 , KEYWORD AS KEYWORDalias0 , PUBLICATION AS PUBLICATIONalias0 , PUBLICATION_KEYWORD AS PUBLICATION_KEYWORDalias0 , WRITES AS WRITESalias0 WHERE AUTHORalias0.NAME = ""H. V. Jagadish"" AND PUBLICATION_KEYWORDalias0.KID = KEYWORDalias0.KID AND PUBLICATIONalias0.PID = PUBLICATION_KEYWORDalias0.PID AND WRITESalias0.AID = AUTHORalias0.AID AND WRITESalias0.PID = PUBLICATIONalias0.PID GROUP BY KEYWORDalias0.KEYWORD ORDER BY COUNT( DISTINCT ( PUBLICATIONalias0.TITLE ) ) DESC LIMIT 1 ;","[{'example': 'H. V. Jagadish', 'location': 'both', 'name': 'author_name0', 'type': 'author_name', 'ancestor_of_occuring_column': {('author', 'NAME')}}]","('academic', 155)",academic,database/academic/academic.sqlite,"{'database/academic/academicv1223round50.sqlite', 'database/academic/academicv1223round10group8.sqlite', 'database/academic/academicv1223round11group11.sqlite', 'database/academic/academicv1226round20group10.sqlite', 'database/academic/academicv1226round24group10.sqlite', 'database/academic/academicv1226round22group10.sqlite', 'database/academic/academicv1226round21group10.sqlite', 'database/academic/academicv1226round23group10.sqlite', 'database/academic/academicv1223round40group155.sqlite'}","return me the number of publication keywords, which have been contained by the most number of papers by author H. V. Jagadish."
34,"return me the conferences, which have more than 10 papers by H. V. Jagadish .","SELECT CONFERENCEalias0.NAME FROM AUTHOR AS AUTHORalias0 , CONFERENCE AS CONFERENCEalias0 , PUBLICATION AS PUBLICATIONalias0 , WRITES AS WRITESalias0 WHERE AUTHORalias0.NAME = ""H. V. Jagadish"" AND PUBLICATIONalias0.CID = CONFERENCEalias0.CID AND WRITESalias0.AID = AUTHORalias0.AID AND WRITESalias0.PID = PUBLICATIONalias0.PID GROUP BY CONFERENCEalias0.NAME HAVING COUNT( DISTINCT ( PUBLICATIONalias0.TITLE ) ) > 10 ;","[{'example': 'H. V. Jagadish', 'location': 'both', 'name': 'author_name0', 'type': 'author_name', 'ancestor_of_occuring_column': {('author', 'NAME')}}, {'example': '10', 'location': 'both', 'name': 'publication_title0', 'type': 'publication_title', 'ancestor_of_occuring_column': set()}]","('academic', 159)",academic,database/academic/academic.sqlite,"{'database/academic/academicv1223round10group10.sqlite', 'database/academic/academicv1226round21group11.sqlite', 'database/academic/academicv1223round50.sqlite', 'database/academic/academicv1226round20group11.sqlite', 'database/academic/academicv1226round23group11.sqlite', 'database/academic/academicv1223round40group159.sqlite', 'database/academic/academicv1223round39group10.sqlite', 'database/academic/academicv1226round22group11.sqlite', 'database/academic/academicv1223round11group13.sqlite', 'database/academic/academicv1223round316group1.sqlite', 'database/academic/academicv1226round24group11.sqlite', 'database/academic/academicv1223round13group11.sqlite', 'database/academic/academicv1223round12group12.sqlite', 'database/academic/academicv1223round14group11.sqlite', 'database/academic/academicv1223round20group159.sqlite'}","return me the name of conferences, which have more than 10 papers by author H. V. Jagadish."
35,"return me the conference, which have the most number of papers by H. V. Jagadish .","SELECT CONFERENCEalias0.NAME FROM AUTHOR AS AUTHORalias0 , CONFERENCE AS CONFERENCEalias0 , PUBLICATION AS PUBLICATIONalias0 , WRITES AS WRITESalias0 WHERE AUTHORalias0.NAME = ""H. V. Jagadish"" AND PUBLICATIONalias0.CID = CONFERENCEalias0.CID AND WRITESalias0.AID = AUTHORalias0.AID AND WRITESalias0.PID = PUBLICATIONalias0.PID GROUP BY CONFERENCEalias0.NAME ORDER BY COUNT( DISTINCT ( PUBLICATIONalias0.TITLE ) ) DESC LIMIT 1 ;","[{'example': 'H. V. Jagadish', 'location': 'both', 'name': 'author_name0', 'type': 'author_name', 'ancestor_of_occuring_column': {('author', 'NAME')}}]","('academic', 160)",academic,database/academic/academic.sqlite,"{'database/academic/academicv1223round50.sqlite', 'database/academic/academicv1223round10group8.sqlite', 'database/academic/academicv1223round11group11.sqlite', 'database/academic/academicv1226round20group10.sqlite', 'database/academic/academicv1226round21group10.sqlite', 'database/academic/academicv1226round22group10.sqlite', 'database/academic/academicv1226round24group10.sqlite', 'database/academic/academicv1226round23group10.sqlite', 'database/academic/academicv1223round40group160.sqlite'}","return me the name of conferences, which have the most number of papers by author H. V. Jagadish."
36,"return me the journal, which have the most number of papers by H. V. Jagadish .","SELECT JOURNALalias0.NAME FROM AUTHOR AS AUTHORalias0 , JOURNAL AS JOURNALalias0 , PUBLICATION AS PUBLICATIONalias0 , WRITES AS WRITESalias0 WHERE AUTHORalias0.NAME = ""H. V. Jagadish"" AND PUBLICATIONalias0.JID = JOURNALalias0.JID AND WRITESalias0.AID = AUTHORalias0.AID AND WRITESalias0.PID = PUBLICATIONalias0.PID GROUP BY JOURNALalias0.NAME ORDER BY COUNT( DISTINCT ( PUBLICATIONalias0.TITLE ) ) DESC LIMIT 1 ;","[{'example': 'H. V. Jagadish', 'location': 'both', 'name': 'author_name0', 'type': 'author_name', 'ancestor_of_occuring_column': {('author', 'NAME')}}]","('academic', 162)",academic,database/academic/academic.sqlite,"{'database/academic/academicv1223round50.sqlite', 'database/academic/academicv1223round10group8.sqlite', 'database/academic/academicv1223round11group11.sqlite', 'database/academic/academicv1226round20group10.sqlite', 'database/academic/academicv1226round22group10.sqlite', 'database/academic/academicv1226round24group10.sqlite', 'database/academic/academicv1226round21group10.sqlite', 'database/academic/academicv1223round40group162.sqlite', 'database/academic/academicv1226round23group10.sqlite'}","return me the name of journal, which have the most number of papers by author H. V. Jagadish."
37,return me the paper in Databases area with the most citations .,"SELECT PUBLICATIONalias0.TITLE FROM DOMAIN AS DOMAINalias0 , DOMAIN_PUBLICATION AS DOMAIN_PUBLICATIONalias0 , PUBLICATION AS PUBLICATIONalias0 WHERE DOMAINalias0.DID = DOMAIN_PUBLICATIONalias0.DID AND DOMAINalias0.NAME = ""Databases"" AND PUBLICATIONalias0.PID = DOMAIN_PUBLICATIONalias0.PID ORDER BY PUBLICATIONalias0.CITATION_NUM DESC LIMIT 1 ;","[{'example': 'Databases', 'location': 'both', 'name': 'domain_name0', 'type': 'domain_name', 'ancestor_of_occuring_column': {('domain', 'NAME')}}]","('academic', 164)",academic,database/academic/academic.sqlite,"{'database/academic/academicv1223round50.sqlite', 'database/academic/academicv1223round10group8.sqlite', 'database/academic/academicv1223round12group10.sqlite', 'database/academic/academicv1226round20group10.sqlite', 'database/academic/academicv1226round24group10.sqlite', 'database/academic/academicv1226round22group10.sqlite', 'database/academic/academicv1226round21group10.sqlite', 'database/academic/academicv1223round11group11.sqlite', 'database/academic/academicv1223round40group164.sqlite', 'database/academic/academicv1226round23group10.sqlite', 'database/academic/academicv1223round13group10.sqlite'}","return me the title of paper in the domain of ""Databases"" with the highest citation number."
38,return me the paper by H. V. Jagadish with the most citations .,"SELECT PUBLICATIONalias0.TITLE FROM AUTHOR AS AUTHORalias0 , PUBLICATION AS PUBLICATIONalias0 , WRITES AS WRITESalias0 WHERE AUTHORalias0.NAME = ""H. V. Jagadish"" AND WRITESalias0.AID = AUTHORalias0.AID AND WRITESalias0.PID = PUBLICATIONalias0.PID ORDER BY PUBLICATIONalias0.CITATION_NUM DESC LIMIT 1 ;","[{'example': 'H. V. Jagadish', 'location': 'both', 'name': 'author_name0', 'type': 'author_name', 'ancestor_of_occuring_column': {('author', 'NAME')}}]","('academic', 167)",academic,database/academic/academic.sqlite,"{'database/academic/academicv1223round50.sqlite', 'database/academic/academicv1223round10group8.sqlite', 'database/academic/academicv1223round12group10.sqlite', 'database/academic/academicv1226round20group10.sqlite', 'database/academic/academicv1226round22group10.sqlite', 'database/academic/academicv1226round24group10.sqlite', 'database/academic/academicv1226round21group10.sqlite', 'database/academic/academicv1223round11group11.sqlite', 'database/academic/academicv1226round23group10.sqlite', 'database/academic/academicv1223round40group167.sqlite'}",return me the title of paper by author H. V. Jagadish with the highest citation number.
39,return me the paper after 2000 in PVLDB with the most citations .,"SELECT PUBLICATIONalias0.TITLE FROM JOURNAL AS JOURNALalias0 , PUBLICATION AS PUBLICATIONalias0 WHERE JOURNALalias0.NAME = ""PVLDB"" AND PUBLICATIONalias0.JID = JOURNALalias0.JID AND PUBLICATIONalias0.YEAR > 2000 ORDER BY PUBLICATIONalias0.CITATION_NUM DESC LIMIT 1 ;","[{'example': 'PVLDB', 'location': 'both', 'name': 'journal_name0', 'type': 'journal_name', 'ancestor_of_occuring_column': {('journal', 'NAME')}}, {'example': '2000', 'location': 'both', 'name': 'publication_year0', 'type': 'publication_year', 'ancestor_of_occuring_column': {('publication', 'YEAR')}}]","('academic', 170)",academic,database/academic/academic.sqlite,"{'database/academic/academicv1223round50.sqlite', 'database/academic/academicv1223round10group8.sqlite', 'database/academic/academicv1223round11group11.sqlite', 'database/academic/academicv1226round20group10.sqlite', 'database/academic/academicv1226round24group10.sqlite', 'database/academic/academicv1226round22group10.sqlite', 'database/academic/academicv1226round21group10.sqlite', 'database/academic/academicv1223round12group11.sqlite', 'database/academic/academicv1226round23group10.sqlite', 'database/academic/academicv1223round13group11.sqlite', 'database/academic/academicv1223round20group170.sqlite', 'database/academic/academicv1223round40group170.sqlite', 'database/academic/academicv1223round14group11.sqlite'}",return me the title of paper after year 2000 in jounal PVLDB with the highest citation number.
